{
  "files": [
    {
      "filepath": "D:/Work_Area/AI/Claude Code  CN/packages/core/src/__tests__/core.bench.ts",
      "groups": [
        {
          "fullName": "src/__tests__/core.bench.ts > encryption — 加密/解密",
          "benchmarks": [
            {
              "id": "46301587_0_0",
              "sampleCount": 32,
              "name": "encrypt 2.5KB 文本",
              "rank": 1,
              "rme": 3.586854755297743,
              "totalTime": 500.11579999979585,
              "min": 13.7453000000678,
              "max": 19.917200000025332,
              "hz": 63.98518103209909,
              "period": 15.62861874999362,
              "mean": 15.62861874999362,
              "variance": 2.4165790052748384,
              "sd": 1.554534980396015,
              "sem": 0.2748055565574297,
              "df": 31,
              "critical": 2.0399,
              "moe": 0.5605758548215009,
              "p75": 15.92379999998957,
              "p99": 19.917200000025332,
              "p995": 19.917200000025332,
              "p999": 19.917200000025332
            },
            {
              "id": "46301587_0_1",
              "sampleCount": 14,
              "name": "encrypt→decrypt 往返",
              "rank": 2,
              "rme": 6.749652363269551,
              "totalTime": 501.86189999990165,
              "min": 29.885199999902397,
              "max": 43.28260000003502,
              "hz": 27.896120426760316,
              "period": 35.84727857142155,
              "mean": 35.84727857142155,
              "variance": 17.566924130259036,
              "sd": 4.1912914632913605,
              "sem": 1.1201697616961914,
              "df": 13,
              "critical": 2.16,
              "moe": 2.419566685263774,
              "p75": 39.37199999997392,
              "p99": 43.28260000003502,
              "p995": 43.28260000003502,
              "p999": 43.28260000003502
            }
          ]
        },
        {
          "fullName": "src/__tests__/core.bench.ts > logger — 日志写入",
          "benchmarks": [
            {
              "id": "46301587_1_0",
              "sampleCount": 0,
              "name": "info() 50次批量",
              "rank": 1,
              "rme": 0,
              "error": {}
            },
            {
              "id": "46301587_1_1",
              "sampleCount": 0,
              "name": "error() 50次批量",
              "rank": 2,
              "rme": 0,
              "error": {}
            }
          ]
        }
      ]
    }
  ]
}